-- phpMyAdmin SQL Dump
-- version 4.7.4
-- https://www.phpmyadmin.net/
--
-- Servidor: 127.0.0.1
-- Tiempo de generación: 06-02-2018 a las 20:58:26
-- Versión del servidor: 10.1.26-MariaDB
-- Versión de PHP: 7.1.9

SET SQL_MODE = "NO_AUTO_VALUE_ON_ZERO";
SET AUTOCOMMIT = 0;
START TRANSACTION;
SET time_zone = "+00:00";


/*!40101 SET @OLD_CHARACTER_SET_CLIENT=@@CHARACTER_SET_CLIENT */;
/*!40101 SET @OLD_CHARACTER_SET_RESULTS=@@CHARACTER_SET_RESULTS */;
/*!40101 SET @OLD_COLLATION_CONNECTION=@@COLLATION_CONNECTION */;
/*!40101 SET NAMES utf8mb4 */;

--
-- Base de datos: `tienda`
--

-- --------------------------------------------------------

--
-- Estructura de tabla para la tabla `categorias`
--

CREATE TABLE `categorias` (
  `idCat` int(11) NOT NULL,
  `nombreCat` varchar(150) COLLATE utf8_spanish_ci NOT NULL,
  `descripcionCat` longtext COLLATE utf8_spanish_ci NOT NULL
) ENGINE=InnoDB DEFAULT CHARSET=utf8 COLLATE=utf8_spanish_ci;

--
-- Volcado de datos para la tabla `categorias`
--

INSERT INTO `categorias` (`idCat`, `nombreCat`, `descripcionCat`) VALUES
(1, 'Frutos Secos', 'Categoria de frutos secos'),
(2, 'Vinagres', 'Categoria con productos de Vinagrillos y similares'),
(3, 'Snacks', 'Patatas fritas y demas'),
(4, 'Refrescos', 'CAtegoria de refresecos'),
(5, 'Cerveza', 'Categoria de cerveza dentro de mi tienda online');

-- --------------------------------------------------------

--
-- Estructura de tabla para la tabla `etiquetas`
--

CREATE TABLE `etiquetas` (
  `idEti` int(11) NOT NULL,
  `nombreEti` varchar(100) COLLATE utf8_spanish_ci NOT NULL
) ENGINE=InnoDB DEFAULT CHARSET=utf8 COLLATE=utf8_spanish_ci;

--
-- Volcado de datos para la tabla `etiquetas`
--

INSERT INTO `etiquetas` (`idEti`, `nombreEti`) VALUES
(1, 'hardware'),
(2, 'software'),
(3, 'ratones'),
(4, 'teclados'),
(5, 'torres'),
(6, 'varios');

-- --------------------------------------------------------

--
-- Estructura de tabla para la tabla `etiquetasproductos`
--

CREATE TABLE `etiquetasproductos` (
  `idEtiPro` int(11) NOT NULL,
  `idEti` int(11) NOT NULL,
  `idPro` int(11) NOT NULL
) ENGINE=InnoDB DEFAULT CHARSET=utf8 COLLATE=utf8_spanish_ci;

--
-- Volcado de datos para la tabla `etiquetasproductos`
--

INSERT INTO `etiquetasproductos` (`idEtiPro`, `idEti`, `idPro`) VALUES
(6, 2, 12),
(7, 4, 12),
(8, 6, 12);

-- --------------------------------------------------------

--
-- Estructura de tabla para la tabla `productos`
--

CREATE TABLE `productos` (
  `idProducto` int(11) NOT NULL,
  `nombreProducto` varchar(150) COLLATE utf8_spanish_ci NOT NULL,
  `precioProducto` float NOT NULL,
  `cantidadProducto` int(11) NOT NULL,
  `imagenProducto` varchar(150) COLLATE utf8_spanish_ci NOT NULL,
  `fechaProducto` datetime NOT NULL,
  `descripcionProducto` longtext COLLATE utf8_spanish_ci NOT NULL,
  `idCat` int(11) NOT NULL
) ENGINE=InnoDB DEFAULT CHARSET=utf8 COLLATE=utf8_spanish_ci;

--
-- Volcado de datos para la tabla `productos`
--

INSERT INTO `productos` (`idProducto`, `nombreProducto`, `precioProducto`, `cantidadProducto`, `imagenProducto`, `fechaProducto`, `descripcionProducto`, `idCat`) VALUES
(2, 'cacahuete de temporada', 4, 20, '', '2018-01-09 00:00:00', 'Descripcion de los cachuetes', 3),
(3, 'Pistacho fresco', 7, 30, '', '2018-01-09 00:00:00', 'Descripcion del producto de tipo pistacho', 1),
(4, 'Pepinillo de fuentes', 6, 12, '', '2018-01-09 00:00:00', 'Descripcion de este jugoso vinagrillo!', 1),
(5, 'Tarta de arandanos', 23, 1, '', '0000-00-00 00:00:00', '', 2),
(6, 'Pistaños agrios', 45, 8, '', '0000-00-00 00:00:00', '', 0),
(8, 'producto de muestra ', 23, 7, '', '0000-00-00 00:00:00', 'La cescripcion q euq sadasd ', 1),
(9, 'Pepinillos', 12, 23, '1516127256101.jpg', '0000-00-00 00:00:00', 'La descripcion', 1),
(10, 'Lacasitos', 23, 45, '1517336372201.jpg', '0000-00-00 00:00:00', 'Lacasitos de temporada', 3),
(12, 'martes2', 23, 45, '', '0000-00-00 00:00:00', 'asdasdas', 4);

-- --------------------------------------------------------

--
-- Estructura de tabla para la tabla `usuarios`
--

CREATE TABLE `usuarios` (
  `idUsuario` int(11) NOT NULL,
  `nombreUsuario` varchar(150) COLLATE utf8_spanish_ci NOT NULL,
  `claveUsuario` varchar(150) COLLATE utf8_spanish_ci NOT NULL,
  `sesionUsuario` varchar(150) COLLATE utf8_spanish_ci NOT NULL,
  `correoUsuario` varchar(150) COLLATE utf8_spanish_ci NOT NULL,
  `activadoUsuario` tinyint(1) NOT NULL DEFAULT '0',
  `codigoCorreoUsuario` varchar(150) COLLATE utf8_spanish_ci NOT NULL
) ENGINE=InnoDB DEFAULT CHARSET=utf8 COLLATE=utf8_spanish_ci;

--
-- Volcado de datos para la tabla `usuarios`
--

INSERT INTO `usuarios` (`idUsuario`, `nombreUsuario`, `claveUsuario`, `sesionUsuario`, `correoUsuario`, `activadoUsuario`, `codigoCorreoUsuario`) VALUES
(1, 'admin', '81dc9bdb52d04dc20036dbd8313ed055', '113d5a0e8a727472c0f4e34b4281a3cc', 'admin@gmail.com', 1, '5eda50c8959a01e2e7fff9cea39a1020'),
(2, 'invitado', '81dc9bdb52d04dc20036dbd8313ed055', '8d3242535659920c6e35b0dfcaa62704', 'invitado@gmail.com', 1, ''),
(8, 'david', 'fa246d0262c3925617b0c72bb20eeb1d', '38fbacc0febfa7f5f45e3fe4e5135d1c', 'davidfraj@gmail.com', 1, '63c2aa6a3afdb964344200b5087bf40a');

--
-- Índices para tablas volcadas
--

--
-- Indices de la tabla `categorias`
--
ALTER TABLE `categorias`
  ADD PRIMARY KEY (`idCat`);

--
-- Indices de la tabla `etiquetas`
--
ALTER TABLE `etiquetas`
  ADD PRIMARY KEY (`idEti`);

--
-- Indices de la tabla `etiquetasproductos`
--
ALTER TABLE `etiquetasproductos`
  ADD PRIMARY KEY (`idEtiPro`);

--
-- Indices de la tabla `productos`
--
ALTER TABLE `productos`
  ADD PRIMARY KEY (`idProducto`);

--
-- Indices de la tabla `usuarios`
--
ALTER TABLE `usuarios`
  ADD PRIMARY KEY (`idUsuario`);

--
-- AUTO_INCREMENT de las tablas volcadas
--

--
-- AUTO_INCREMENT de la tabla `categorias`
--
ALTER TABLE `categorias`
  MODIFY `idCat` int(11) NOT NULL AUTO_INCREMENT, AUTO_INCREMENT=6;

--
-- AUTO_INCREMENT de la tabla `etiquetas`
--
ALTER TABLE `etiquetas`
  MODIFY `idEti` int(11) NOT NULL AUTO_INCREMENT, AUTO_INCREMENT=7;

--
-- AUTO_INCREMENT de la tabla `etiquetasproductos`
--
ALTER TABLE `etiquetasproductos`
  MODIFY `idEtiPro` int(11) NOT NULL AUTO_INCREMENT, AUTO_INCREMENT=9;

--
-- AUTO_INCREMENT de la tabla `productos`
--
ALTER TABLE `productos`
  MODIFY `idProducto` int(11) NOT NULL AUTO_INCREMENT, AUTO_INCREMENT=13;

--
-- AUTO_INCREMENT de la tabla `usuarios`
--
ALTER TABLE `usuarios`
  MODIFY `idUsuario` int(11) NOT NULL AUTO_INCREMENT, AUTO_INCREMENT=9;
COMMIT;

/*!40101 SET CHARACTER_SET_CLIENT=@OLD_CHARACTER_SET_CLIENT */;
/*!40101 SET CHARACTER_SET_RESULTS=@OLD_CHARACTER_SET_RESULTS */;
/*!40101 SET COLLATION_CONNECTION=@OLD_COLLATION_CONNECTION */;
